INSERT INTO tb_cursos (id, nome, nivel, descricao, porc_desconto, preco_original, preco_promocional, url_imagem) VALUES
(1, 'Aprenda a programar orientado a objetos com Java', '0', 'Orientação a Objetos com Java', 20, 150.00, 120.00, 'https://img-c.udemycdn.com/course/240x135/969548_48c9_5.jpg'),
(2, 'Aprenda de uma vez por todas Algoritmos, Lógica de Programação, Constantes, Variáveis, Operadores e muito mais!', '0', 'Algoritmos e Lógica de Programação do básico ao avançado', 10, 140.00, 126.00, 'https://img-c.udemycdn.com/course/240x135/1693748_4c8f.jpg'),
(3, 'Aprenda a criar web services com SpringBoot.', '0', 'API RESTful com SpringBoot', 0, 140.00, 0, 'https://img-c.udemycdn.com/course/240x135/2330858_e73f.jpg'),
(4, 'Desenvolva um projeto de Web API de pontos turísticos com Python + Django + Django Rest Framework e deploy no Heroku', '1', 'Criando poderosas API''s RESTful com Django Rest Framework', 20, 150.00, 120.00, 'https://img-c.udemycdn.com/course/240x135/1631400_e3d1_2.jpg'),
(5, 'Aprenda a criar uma aplicação completa com Ruby on Rails API-only', '1', 'Desenvolvendo REST / RESTful APIs com Ruby on Rails', 10, 140.00, 126.00, 'https://img-c.udemycdn.com/course/240x135/1082928_b432_3.jpg'),
(6, 'Do Zero ao Expert em Spring Boot e todo o ecossistema Spring. Guia Completo e atualizado.', '1', 'Spring Boot Expert: JPA, RESTFul API, Security, JWT e Mais', 0, 140.00, 0, 'https://img-c.udemycdn.com/course/240x135/2777074_6d96_11.jpg');

INSERT INTO tb_modulos (id, carga_horaria, nome, curso_id) VALUES
(1, '1h 18m', 'História do Java e Conceitos Iniciais de OO', 1),
(2, '42m', 'Instalando o Java e o Eclipse', 1),
(3, '2h 37m', 'Pacotes, Herança, Associações e Polimorfismo', 1),
(4, '28m', 'Constantes, Variáveis e Tipos de Dados', 2),
(5, '18m', 'Estruturas de Decisão', 2),
(6, '18m', 'Comandos de repetição', 2),
(7, '18m', 'Web Services - básico', 3),
(8, '42m', 'API dos Carros', 3),
(9, '37m', 'Testes com Spring Boot', 3),
(10, '1h 58m', 'Desenvolvendo uma API de pontos Turísticos', 4),
(11, '42m', 'Desenvolvendo recursos avancados na API', 4),
(12, '27m', 'Habilitando buscas na API', 4),
(13, '3h 10m', 'Introdução ao Rails API-only', 5),
(14, '58m', 'Active Model Serializers', 5),
(15, '38m', 'Ajustes e Paginação', 5),
(16, '1h 18m', 'Spring Boot Core e Spring Framework', 6),
(17, '42m', 'Persistência e Acesso a Dados com Spring Data JPA', 6),
(18, '37m', 'Spring Security e JWT', 6);

INSERT INTO tb_conteudos (id, descricao, modulo_id) VALUES
(1, 'JRE vs JDK', 2),
(2, 'Instalando o JDK no Mac', 2),
(3, 'Instalando o JDK no Linux', 2),
(4, 'Instalando o JDK no Windows', 2),
(5, 'Instalando o JDK no Windows', 2),
(6, 'Eclipse', 2),
(7, 'Instalando o Eclipse no Mac', 2),
(8, 'Instalando o Eclipse no Linux', 2),
(9, 'Conhecendo o Eclipse', 2),
(10, 'Desenvolvendo Classes com o Eclipse', 3),
(11, 'Pacotes', 3),
(12, 'Arrays', 3),
(13, 'Associações', 3),
(14, 'Herança', 3),
(15, 'Reescrita de Métodos', 3),
(16, 'Polimorfismo', 3),
(17, 'Pilares da OO', 3),
(18, 'Constantes', 4),
(19, 'Variáveis', 4),
(20, 'Tipos de Dados', 4),
(21, 'Declaração de Variáveis', 4),
(22, 'Operações Lógicas', 5),
(23, 'Estruturas de Decisão', 5),
(24, 'Comandos de Decisão', 5),
(25, 'Enquanto algo, Processar', 6),
(26, 'Até que algo, Processar', 6),
(27, 'Enquanto algo, Processar', 6),
(28, 'Processar, Enquanto algo', 6),
(29, 'Processar, Até que algo', 6),
(30, 'Para', 6),
(31, 'Criando o IndexController', 7),
(32, '@RequestMapping', 7),
(33, 'GET - POST - DELETE - PUT', 7),
(34, 'GET - @RequestParam', 7),
(35, '@PathVariable', 7),
(36, 'POST - @RequestParam', 7),
(37, 'Criando as tabelas no MySQL', 8),
(38, '@Service - Injeção de dependências com Spring', 8),
(39, 'Criando o IndexController', 8),
(40, 'Ajuste Timezone MySQL', 8),
(41, 'JPA - Lista de Carros do banco de dados', 8),
(42, '@Id @GeneratedValue (Auto vs Identity)', 8),
(43, 'Get Carro By Id', 8),
(44, 'Get Carro By Tipo', 8),
(45, 'POST - Salvar Carro', 8),
(46, 'PUT - Atualizar o Carro', 8),
(47, 'DELETE - Excluir um Carro', 8),
(48, 'Testes com Spring Boot', 9),
(49, 'Teste para Inserir um Carro', 9),
(50, 'Teste para inserir e Deletar um Carro', 9),
(51, 'A necessidade de termos um banco de dados para testes', 9),
(52, 'H2 - banco de dados em memória para testes', 9),
(53, 'Preenchendo o H2 com uma massa de testes', 9),
(54, 'Testes HTTP na API', 9),
(55, 'Criando e modelando a app pontos turísticos', 10),
(56, 'Criando e modelando a app Atrações', 10),
(57, 'Criando e modelando a app de comentários e avaliações', 10),
(58, 'Criando e modelando a app de Localização', 10),
(59, 'Primeiros passos da API', 10),
(60, 'Entendendo o CRUD do ModelViewSet', 10),
(61, 'Consumindo a API com Postman', 10),
(62, 'Criando o Endpoint de Atrações', 10),
(63, 'Criando o Endpoint de Endereços', 10),
(64, 'Criando o Endpoint de Comentários', 10),
(65, 'Criando o Endpoint de Avaliações', 10),
(66, 'Implementando get_queryset em Pontos Turísticos', 11),
(67, 'Sobrescrevendo a action de GET', 11),
(68, 'Sobrescrevendo a action de POST', 11),
(69, 'Sobrescrevendo a action de DELETE', 11),
(70, 'Sobrescrevendo a action de update, partial_update e retrieve', 11),
(71, 'Implementando suas próprias actions personalizadas', 11),
(72, 'Utilizando DjangoFilter backend', 12),
(73, 'Utilizando o SearchFilter', 12),
(74, 'Alterando o lookup_field padrão do endpoint', 12),
(75, 'Analisando as Requisições HTTP', 13),
(76, 'Analisando as Respostas HTTP', 13),
(77, 'Conhecendo os Verbos HTTP', 13),
(78, 'Render JSON & Fix Auto-Reloading', 13),
(79, 'Active Model Serializers', 14),
(80, 'i18n + json_api Adapter', 14),
(81, 'Visualizando Campos Associados', 14),
(82, 'Desmistificando o Accept x Content-Type', 15),
(83, 'Paginação via HEADERS', 15),
(84, 'Paginação via JSON API', 15),
(85, 'Starters: Como funciona a mágica por trás do Spring Boot', 16),
(86, 'Configurations e Beans', 16),
(87, 'O Container IOC do Spring Framework', 16),
(88, 'Injeção de Dependências', 16),
(89, 'Configuração externalizada: Application Properties', 16),
(90, 'Trabalhando com multiplos ambientes e profiles', 16),
(91, 'Criando as classes de modelo', 17),
(92, 'Salvando e recuperando clientes', 17),
(93, 'Mapeando a Entidade Cliente para JPA', 17),
(94, 'Refatorando as outras operacoes para o JPA', 17),
(95, 'Query Methods', 17),
(96, 'Trabalhando com @Query', 17),
(97, 'Configurando autenticação em memória', 18),
(98, 'Configurando a autorização de urls', 18),
(99, 'Configurando as Roles e Authorities', 18);
